{
    "Laura": {
        "score": 652,
        "total_time": 0.6963932514190674,
        "total_rounds": 2
    },
    "Ron": {
        "score": 2050,
        "total_time": 2.3373889923095703,
        "total_rounds": 1
    },
    "Hermoine": {
        "score": 798,
        "total_time": 1.01430344581604,
        "total_rounds": 5
    }
}