{
    "a": {
        "score": 1753,
        "total_time": 0.4977555274963379
    },
    "b": {
        "score": 930,
        "total_time": 0.21078109741210938
    },
    "aa": {
        "score": 0,
        "total_time": 5.2542290687561035
    }
}